{
    "method": "Mejor Individual",
    "base_models": [
        "svm",
        "xgboost",
        "mlp",
        "rf",
        "lstm"
    ],
    "performance": {
        "rmse": 0.0058951589356288836,
        "mae": 0.004530353099069604,
        "r2": 0.9999966293479012
    },
    "improvement_vs_best_individual": 0.0,
    "creation_date": "2025-07-18 00:11:33"
}